Model,Precision,Recall,F1_Score,Weight,Rank
Decision Tree,0.027908387683907174,0.989247311827957,0.05428529281604957,0.1781789638932496,2
Multi-Layer Perceptron,1.0,0.22043010752688172,0.36123348017621143,0.6436420722135008,1
Stochastic Gradient Descent,0.027558468642931624,0.9946236559139785,0.05363096100884186,0.1781789638932496,3
Ensemble,0.24864864864864866,0.24731182795698925,0.24797843665768193,1.0,0
