{
  "sample_size": 200000,
  "feature_dim": 384,
  "anomaly_ratio": 0.00464,
  "training_samples": 160000,
  "validation_samples": 40000,
  "model_scores": {
    "sgd": {
      "precision": 0.03817365269461078,
      "recall": 0.8225806451612904,
      "f1": 0.07296137339055794
    },
    "mlp": {
      "precision": 1.0,
      "recall": 0.22043010752688172,
      "f1": 0.36123348017621143
    },
    "dt": {
      "precision": 0.027887238557138528,
      "recall": 0.989247311827957,
      "f1": 0.054245283018867926
    },
    "rf": {
      "precision": 0.027837259100642397,
      "recall": 0.978494623655914,
      "f1": 0.05413444378346222
    }
  }
}